Mechelle;Hanson;015-787-7840;sit.amet.risus@euismodenimEtiam.edu
Abraham;Watkins;081-639-1418;cursus@faucibusMorbi.org
Tatiana;Figueroa;092-665-0900;Aenean.massa@Nullamsuscipitest.co.uk
Willow;Pitts;031-001-3264;magna.Phasellus.dolor@ipsumSuspendisse.com
Ivor;Mckay;032-525-0301;non@amet.co.uk
Cade;Martinez;073-930-1353;non@Vestibulumuteros.org
Ria;Acosta;009-306-1640;Mauris.vel.turpis@Aliquam.net
Beverly;Richardson;053-355-7836;velit.Pellentesque.ultricies@sit.com
Bell;Langley;081-042-5698;tincidunt@aliquet.edu
Akeem;Sweeney;095-526-6638;quis.pede@sapien.edu
Melodie;Noel;098-091-9816;Donec.tincidunt.Donec@dolorquam.org
Emily;Mcneil;095-819-4075;lacus.Quisque@duiaugue.ca
Erasmus;Savage;010-260-9405;ut.eros.non@etarcuimperdiet.org
Dustin;Gallagher;084-306-0810;ultrices.posuere@justo.ca
Rhonda;Chavez;076-006-4616;rhoncus@velvulputateeu.edu
Briar;Odom;006-063-2892;Nam.ac.nulla@magnaatortor.edu
Rogan;Battle;087-444-8392;hendrerit.id@sociisnatoque.org
Yoshio;Bates;020-547-1130;Fusce.mi.lorem@nuncest.net
Riley;Mitchell;009-274-1397;Ut.sagittis.lobortis@luctusvulputate.net
Paul;Owens;019-906-4143;non@faucibusMorbivehicula.com
Moses;Mcbride;005-055-4398;justo.Proin.non@sapien.net
Lois;Britt;085-318-8635;cursus.diam@Nulla.edu
Kai;Stewart;090-331-5491;massa.Mauris.vestibulum@incursuset.edu
Florence;Brewer;064-895-8388;malesuada.vel@sapien.org
Cullen;Cleveland;026-907-8357;magna.Suspendisse.tristique@Donecluctus.com
Len;James;082-443-7957;Aliquam@uterat.co.uk
Luke;Fuller;058-852-6676;condimentum@sodaleseliterat.co.uk
Alexis;Donaldson;019-401-0874;tincidunt.dui.augue@nequeNullamut.ca
Ulric;Dennis;025-216-8519;Curae.Donec@adipiscingelit.org
Amela;Grimes;056-194-3193;vitae.dolor@aliquameu.edu
Mercedes;Hopper;090-171-1428;urna.convallis.erat@antedictummi.com
Charde;Gallegos;024-180-4105;orci.sem.eget@acmieleifend.org
Trevor;Maxwell;014-941-4357;auctor@necmalesuada.org
Clare;Alvarez;008-385-3315;dictum@ante.ca
Wade;Guerra;047-928-7152;risus@consequatauctor.edu
Lara;Camacho;004-691-0580;a@imperdietornareIn.edu
Oscar;West;092-923-6295;sed.libero@luctusut.com
Josiah;Bowen;006-807-6546;sed.libero@tellusloremeu.edu
Serina;Beard;066-914-4331;aliquet@Phasellusliberomauris.com
Cheyenne;Hutchinson;027-723-7753;Curabitur.consequat.lectus@rhoncus.co.uk
Audra;Hicks;067-662-4442;vel.lectus.Cum@nonenim.co.uk
Theodore;Tillman;018-931-3160;sed.tortor.Integer@temporerat.org
Hiram;Grimes;070-872-9340;eget.varius.ultrices@velitCras.org
Montana;Richardson;082-809-9011;amet@necdiamDuis.org
Ocean;Douglas;039-056-7853;convallis.dolor.Quisque@Donec.co.uk
Coby;Bates;057-795-6705;nisl@Curabitur.ca
Inez;Buchanan;017-241-4683;enim@adlitora.org
Zachary;Hunter;029-838-8473;est.ac.facilisis@maurisid.net
Wyatt;Flynn;073-128-7438;eget@semutdolor.ca
Hu;Trevino;071-680-2112;vitae@enimdiam.ca
Jeremy;Meyers;024-842-2729;sit@lacus.edu
Denton;Brown;048-284-8604;laoreet.libero@Namac.co.uk
Nell;Pace;013-087-0304;senectus@ullamcorpernislarcu.com
Jane;Gardner;082-771-1828;imperdiet@sociosquad.ca
Cynthia;Mcknight;080-213-2190;elit@nonmagna.ca
Baker;David;074-681-3883;dui.Fusce@diamdictumsapien.net
Elmo;Haynes;018-004-6890;Nunc@massanon.edu
Marsden;Carlson;085-581-3132;ornare.Fusce@nonummy.edu
Quin;Gould;018-686-0588;Lorem.ipsum.dolor@Curabitur.com
Branden;Travis;099-883-6815;sit@arcuNunc.org
Marsden;Carpenter;011-594-1987;sit@augueporttitor.ca
Boris;Craig;032-379-2388;non@interdumenim.co.uk
Ryan;Jackson;073-782-8419;non@Suspendissetristiqueneque.ca
Walker;Michael;009-594-0310;gravida@ullamcorper.edu
Yetta;Mcclure;058-816-0871;porttitor.interdum.Sed@natoque.ca
Sage;Gill;044-980-4633;malesuada@convallisante.co.uk
Brody;Cooke;007-065-9766;aptent.taciti@condimentumDonec.net
Myles;Sosa;054-690-0403;Nulla.tincidunt.neque@pedesagittis.co.uk
Warren;Heath;062-829-1443;Curabitur.consequat.lectus@tinciduntnunc.net
Athena;Mason;017-279-8923;ullamcorper.Duis.at@mi.org
Emery;Rivas;031-797-6803;tincidunt@etrutrum.com
Phillip;Beach;046-388-1370;mauris@faucibus.ca
Beck;Dean;074-052-1511;ac.nulla@Sedmolestie.org
Iliana;Bond;071-999-6370;consequat.auctor@Aliquam.ca
Kathleen;Ross;016-270-0940;risus@acturpis.co.uk
Jorden;Mcdowell;094-553-1259;velit.dui@interdumCurabitur.net
Brynn;Sweeney;066-046-2095;Phasellus.at.augue@atpede.edu
Reed;Foreman;023-411-7961;aliquam.adipiscing.lacus@Aliquamfringillacursus.net
Jolie;Phillips;053-524-7597;enim.Suspendisse.aliquet@Duiscursus.net
Quon;Thornton;048-798-6917;dui.lectus@amet.edu
Nero;Pace;077-423-9631;turpis.egestas.Fusce@nunc.ca
Clarke;Roberson;075-390-6361;amet.luctus.vulputate@etlaciniavitae.edu
Brady;Pena;028-392-6968;eget@liberoIntegerin.net
Virginia;Ortega;087-268-7842;eu.euismod.ac@primis.net
Arthur;Ayala;052-287-0405;pharetra.felis.eget@Crasvehiculaaliquet.com
Wilma;Avery;055-948-1875;vitae.odio@urna.org
Jameson;Travis;088-896-1525;vitae@dui.co.uk
Driscoll;Clark;001-931-2058;metus.In.nec@idrisus.net
Lance;Sears;013-121-6492;erat.Etiam.vestibulum@Crasdictum.com
Rae;Craig;079-811-3929;lectus.sit@loremvitae.co.uk
Leonard;Mosley;003-366-9106;eget@liberoestcongue.com
Fredericka;Marquez;008-110-4573;odio@dignissim.net
Lucian;Barker;090-754-0521;convallis@venenatislacus.org
Coby;Woodard;092-277-9306;lacus.Quisque@Donec.org
Octavius;Hines;001-129-3775;risus.at.fringilla@Mauris.ca
Aline;Aguilar;024-497-8987;vestibulum@laciniaorciconsectetuer.edu
Quail;Wilcox;009-219-9234;Proin.vel.arcu@ultricesa.com
Melvin;Atkins;000-326-8271;vitae.dolor@at.co.uk
Imogene;Munoz;070-528-0010;cubilia.Curae.Phasellus@Morbiaccumsan.co.uk
Kevyn;Langley;024-937-9440;neque.pellentesque@Aeneangravida.co.uk
Maciek;Macierzynski;222333444;test@gmail.com
dsa;fsa;fsa;fsa
fasf;ga;gsa;gsa